#,Name,%Complete,AvgTime,Std
0,ModCth_porto,56.00000000000001,116.32142857142857,5.694944947862417
1,ModSteer_porto,34.0,118.94117647058823,3.2714556615257253
2,ModOld_porto,70.0,137.62857142857143,3.4812617932969925
3,ModStd_porto,53.0,128.73584905660377,4.703073837862415
4,TunerCar Agent: Following PP references,0.0,0.0,0.0
