#,Name,%Complete,AvgTime,Std
0,ModCth_test,49.0,117.40816326530613,3.545151142956484
1,ModSteer_test_rt,79.0,163.59493670886076,4.977211326730154
2,ModDev_test_rt,47.0,155.80851063829786,4.923406094263986
3,ModOld_test_rt,78.0,172.23076923076923,7.672667234098394
4,ModStd_test_rt,56.00000000000001,143.05357142857142,5.58511939652765
5,TunerCar Agent: Following PP references,0.0,0.0,0.0
