#,Name,%Complete,AvgTime,Std
0,ModSteer_test_omr,85.0,16.294117647058822,2.1022314721813484
1,ModSteer_test_om,83.0,15.168674698795181,2.0815846437555416
