#,Name,%Complete,AvgTime
0,GenStd_0_02_0,67.30000000000001,36.164933135215456
1,GenSteer_02_02,0.0,nan
2,ModStd_04_02_0,84.7,78.34002361275088
