#,Name,%Complete,AvgTime,Std
0,NavForest,73.5,335.05442176870747,2.05496681511571
1,Follow The Gap,34.0,538.0,7.326422768871265
2,Oracle Path Follower,80.30000000000001,361.07347447073477,4.1693098308995555
3,ModForest,77.9,367.3132220795892,3.9456470567587063
