#,Name,%Complete,AvgTime,Std
0,Navforest_nr3,95.0,597.1789473684211,48.724570468224954
1,Follow The Gap,0.0,0.0,0.0
2,Oracle Path Follower,24.0,331.0,0.0
3,ModForest_nr3,84.0,480.5833333333333,59.06659041433323
