#,Name,%Complete,AvgTime,Std
0,Mod_race_track_4,90.0,2494.0666666666666,116.85430624880236
