#,Name,%Complete,AvgTime,Std
0,HP_tune_0.016,97.0,534.3298969072165,4.427471991644279
1,HP_tune_0.02,91.0,537.6703296703297,6.362760726849758
2,HP_tune_0.024,85.0,535.0823529411765,4.715959798027227
