#,Name,%Complete,AvgTime,Std
0,HP_tune_0.016,90.0,534.2666666666667,5.438136935875496
1,HP_tune_0.02,91.0,536.6043956043956,4.736760892802705
2,HP_tune_0.024,89.0,536.9101123595506,6.1619354347463
