#,Name,%Complete,AvgTime,Std
0,NavForest,10.0,339.0,0.0
1,Follow The Gap,30.0,535.3333333333334,0.9428090415820634
2,Oracle Path Follower,100.0,359.9,1.8681541692269406
3,ModForest,70.0,360.85714285714283,0.6388765649999398
