#,Name,%Complete,AvgTime,Std
0,Navforest_nr5,99.0,615.6969696969697,54.16220579215556
1,Follow the Forest Gap,100.0,434.04,43.37854769353165
2,Oracle Path Follower,99.0,379.4343434343434,14.510993127233524
3,ModForest_nr6,95.0,522.5894736842105,66.02766481389163
