#,Name,%Complete,AvgTime,Std,NoObs
0,Navforest_nr5,97.0,618.2061855670103,74.16169825126684,508.0
1,Follow the Forest Gap,98.0,438.8775510204082,48.850514443037724,372.0
2,Oracle Path Follower,100.0,381.41,15.494576470494442,372.0
3,ModForest_nr6,97.0,531.0721649484536,58.24888785676608,372.0
