#,Name,%Complete,AvgTime,Std
0,Follow The Gap,79.0,1620.607594936709,615.9636767550156
1,Mod_race_track_1,79.0,2493.8734177215188,8.266704742914277
