#,Name,%Complete,AvgTime,Std,NoObs
0,Follow the Forest Gap,100.0,430.73,38.773149214372566,373.0
1,Oracle Path Follower,100.0,380.23,17.270121597718994,372.0
2,ModForest_t4,92.0,430.9782608695652,41.08632964785182,377.0
