#,Name,%Complete,AvgTime,Std
0,Mod_race_track_4,88.0,2498.0795454545455,100.41292265518928
