#,Name,%Complete,AvgTime,Std,NoObs
0,Navforest_3,0.0,0.0,0.0,157.0
1,Follow the Forest Gap,100.0,433.52,40.67517178820515,373.0
2,Oracle Path Follower,100.0,387.79,25.58253114920414,372.0
3,ModForest_3,94.0,463.9255319148936,52.95888396364215,382.0
