#,Name,%Complete,AvgTime,Std
0,Navforest_nr2,95.8,532.7244258872652,3.4117640693586355
1,Oracle Path Follower,95.89999999999999,528.5297184567257,2.5567394479647834
2,ModForest_nr2,88.9,535.3577052868392,4.586899931027614
