#,Name,%Complete,AvgTime,Std
0,Navforest_nr5,93.0,511.35483870967744,34.91145332639537
1,Follow The Gap,0.0,0.0,0.0
2,Oracle Path Follower,19.0,331.0,0.0
3,ModForest_nr5,90.0,511.77777777777777,44.88424068343359
