#,Name,%Complete,AvgTime,Std,NoObs
0,Navforest_2,99.0,614.2727272727273,76.51048890684207,493.0
1,Follow the Forest Gap,100.0,433.46,49.87813549041303,373.0
2,Oracle Path Follower,100.0,385.62,22.89575506507702,372.0
3,ModForest_nr6,91.0,530.8241758241758,66.40180611316205,373.0
