#,Name,%Complete,AvgTime,Std,NoObs
0,Navforest_1,96.8,577.4607438016529,59.368147784376646,457.0
1,Follow the Forest Gap,99.0,431.4030303030303,45.24586248073236,373.0
2,Oracle Path Follower,99.8,381.67234468937875,18.955539603946402,372.0
3,ModForest_1,90.10000000000001,607.4472807991121,96.3764627976986,380.0
