#,Name,%Complete,AvgTime,Std,NoObs
0,Follow the Forest Gap,100.0,429.5,39.818463054216444,373.0
1,Oracle Path Follower,100.0,379.48,14.465462315460229,372.0
2,ModForest_1,95.0,452.85263157894735,49.544656819788166,387.0
