#,Name,%Complete,AvgTime,Std
0,ModTime_porto,98.0,97.59183673469387,4.210862373971407
1,ModCth_porto,98.0,90.54081632653062,6.228912781188368
2,ModSteer_porto,85.0,93.69411764705882,3.7069839632518278
3,ModDev_porto,100.0,106.55,2.6358110706194404
4,ModOld_porto,97.0,117.15463917525773,3.362437156690383
5,ModStd_porto,100.0,107.75,6.053717865906868
6,TunerCar Agent: Following PP references,3.0,72.0,0.0
