#,Name,%Complete,AvgTime
0,ModTime_medForest,99.4,19.58148893360161
1,ModCth_medForest,94.0,24.393617021276597
2,ModSteer_medForest,99.5,21.46633165829146
3,GenTime_medForest,71.5,13.696503496503496
4,GenCth_medForest,44.1,16.569160997732425
5,GenSteer_medForest,59.9,15.353923205342237
6,TunerCar Agent: Following PP references,91.0,15.82857142857143
