#,Name,%Complete,AvgTime,Std,NoObs
0,Navforest_1,71.0,887.9295774647887,85.25542797038212,971.0
1,Follow the Forest Gap,99.0,432.80808080808083,45.29871154937935,372.0
2,Oracle Path Follower,100.0,381.16,20.66819779274429,372.0
3,ModForest_1,84.0,560.5238095238095,81.72011994934384,385.0
