#,Name,%Complete,AvgTime,Std
0,ModEmpty_porto_fin3,93.0,135.06451612903226,6.75023926555296
1,ModCenterDis_porto_fin3,94.0,105.94680851063829,5.057892550108019
2,ModRefDis_porto_fin3,91.0,123.48351648351648,5.413379106309607
3,ModCenterCth_porto_fin3,93.0,96.03225806451613,3.517854957683045
4,ModRefCth_porto_fin3,96.0,104.22916666666667,4.459258081664358
5,ModSteer_porto_fin3,96.0,111.79166666666667,5.189967619252444
6,TunerCar Agent: Following PP references,5.0,73.0,0.0
7,Follow The Gap,0.0,0.0,0.0
