#,Name,%Complete,AvgTime,,0.2
0,ModTime_medForest,99.4,19.5814889336016,,3.92
1,ModCth_medForest,94,24.3936170212766,,4.88
2,ModSteer_medForest,99.5,21.4663316582915,,4.29
3,GenTime_medForest,71.5,13.6965034965035,,2.74
4,GenCth_medForest,44.1,16.5691609977324,,3.31
5,GenSteer_medForest,59.9,15.3539232053422,,3.07
6,TunerCar Agent: Following PP references,91,15.8285714285714,,3.17
