#,Name,%Complete,AvgTime,Std
0,Follow The Gap,84.0,98.58333333333333,2.351333630361681
