#,Name,%Complete,AvgTime,Std
0,HP_tune_0.016,97.0,534.5463917525773,4.9283957753710155
1,HP_tune_0.02,95.0,537.3473684210526,5.469087138401053
2,HP_tune_0.024,82.0,536.5975609756098,5.930203295362711
