#,Name,%Complete,AvgTime,Std
0,HP_tune_0.01,92.0,544.0434782608696,6.162497100234366
