#,Name,%Complete,AvgTime
0,ModTime_02_005_001,63.0,42.01587301587302
1,ModTime_02_01_001,60.0,34.266666666666666
2,ModTime_02_02_001,35.0,35.02857142857143
3,ModTime_02_04_001,31.0,30.29032258064516
