#,Name,%Complete,AvgTime
0,ModTime_02_02_004,64.0,32.9375
1,ModTime_02_02_002,48.0,34.270833333333336
2,ModTime_02_02_001,38.0,35.63157894736842
3,ModTime_02_02_0005,30.0,37.833333333333336
