#,Name,%Complete,AvgTime,Std
0,ModStd_test_rt,100.0,95.36,4.572789083261987
1,ModStd_test_rt2,100.0,101.93,4.010623392940304
