#,Name,%Complete,AvgTime,Std
0,ModTime_test_rt,99.0,101.53535353535354,4.632587974303264
