#,Name,%Complete,AvgTime,Std
0,ModStd_test_rt,75.0,121.81333333333333,5.340894639997643
