#,Name,%Complete,AvgTime
0,ModTime_005_02_001,32.0,33.3125
1,ModTime_01_02_001,34.0,31.529411764705884
2,ModTime_02_02_001,35.0,36.114285714285714
3,ModTime_04_02_001,46.0,40.65217391304348
