#,Name,%Complete,AvgTime,Std
<<<<<<< HEAD
0,ModStd_test_rt,100.0,95.36,4.572789083261987
1,ModStd_test_rt2,100.0,101.93,4.010623392940304
=======
0,ModCenterDis_porto_s1,92.0,111.6195652173913,5.83065808670064
1,ModCenterDis_porto_s2,92.0,152.20652173913044,6.3887435715827925
2,ModCenterDis_porto_s3,89.0,102.02247191011236,4.566555331705241
>>>>>>> Testing
