#,Name,%Complete,AvgTime,Std
0,ModSteer_test_rt,99.0,104.65656565656566,4.504008576345101
