#,Name,%Complete,AvgTime,Std
0,ModDev_test_rt,70.0,126.71428571428571,4.620274751084637
