#,Name,%Complete,AvgTime,Std,NoObs
0,Follow the Race Gap,96.0,2896.5729166666665,592.9632637720146,3009.0
1,Mod_race_track_4,94.0,3116.6063829787236,139.6169698035662,2912.0
