#,Name,%Complete,AvgTime,Std,NoObs
0,Follow the Race Gap,87.0,2944.183908045977,608.2494105941867,3009.0
1,Mod_race_track_2,74.0,3566.7297297297296,207.28210945454734,3157.0
