#,Name,%Complete,AvgTime,Std,NoObs
0,Follow the Race Gap,92.0,2733.4891304347825,866.0086792235677,3009.0
1,Mod_race_track_3,67.0,3288.5671641791046,232.22063774232183,3002.0
